{
  "lang":"ru",
  "name":"pipeline",
  "version":"0.0.0",
  "spacy_version":">=3.8.7,<3.9.0",
  "description":"",
  "author":"",
  "email":"",
  "url":"",
  "license":"",
  "spacy_git_version":"4b65aa7",
  "vectors":{
    "width":0,
    "vectors":0,
    "keys":0,
    "name":null,
    "mode":"default"
  },
  "labels":{
    "tok2vec":[

    ],
    "ner":[
      "B-BRAND",
      "B-PERCENT",
      "B-TYPE",
      "B-VOLUME",
      "I-BRAND",
      "I-PERCENT",
      "I-TYPE",
      "I-VOLUME",
      "O"
    ]
  },
  "pipeline":[
    "tok2vec",
    "ner"
  ],
  "components":[
    "tok2vec",
    "ner"
  ],
  "disabled":[

  ],
  "performance":{
    "ents_f":0.919394274,
    "ents_p":0.919394274,
    "ents_r":0.919394274,
    "ents_per_type":{
      "B-TYPE":{
        "p":0.9540078844,
        "r":0.9783048107,
        "f":0.9660035926
      },
      "B-BRAND":{
        "p":0.8822660099,
        "r":0.8322490706,
        "f":0.856527977
      },
      "O":{
        "p":0.9095441595,
        "r":0.7976264834,
        "f":0.8499168053
      },
      "I-TYPE":{
        "p":0.8207671958,
        "r":0.9226765799,
        "f":0.8687434372
      },
      "B-VOLUME":{
        "p":0.6428571429,
        "r":0.6428571429,
        "f":0.6428571429
      },
      "I-BRAND":{
        "p":0.73,
        "r":0.584,
        "f":0.6488888889
      },
      "B-PERCENT":{
        "p":0.3333333333,
        "r":0.1111111111,
        "f":0.1666666667
      },
      "I-VOLUME":{
        "p":0.8333333333,
        "r":0.625,
        "f":0.7142857143
      },
      "0":{
        "p":0.0,
        "r":0.0,
        "f":0.0
      },
      "I-PERCENT":{
        "p":0.0,
        "r":0.0,
        "f":0.0
      }
    },
    "tok2vec_loss":2406.1215568657,
    "ner_loss":7902.7722162293
  }
}