{
  "lang":"ru",
  "name":"pipeline",
  "version":"0.0.0",
  "spacy_version":">=3.8.7,<3.9.0",
  "description":"",
  "author":"",
  "email":"",
  "url":"",
  "license":"",
  "spacy_git_version":"4b65aa7",
  "vectors":{
    "width":0,
    "vectors":0,
    "keys":0,
    "name":null,
    "mode":"default"
  },
  "labels":{
    "tok2vec":[

    ],
    "ner":[
      "B-BRAND",
      "B-PERCENT",
      "B-TYPE",
      "B-VOLUME",
      "I-BRAND",
      "I-PERCENT",
      "I-TYPE",
      "I-VOLUME",
      "O"
    ]
  },
  "pipeline":[
    "tok2vec",
    "ner"
  ],
  "components":[
    "tok2vec",
    "ner"
  ],
  "disabled":[

  ],
  "performance":{
    "ents_f":0.8975825216,
    "ents_p":0.8976179208,
    "ents_r":0.8975471252,
    "ents_per_type":{
      "B-TYPE":{
        "p":0.9449888932,
        "r":0.9745317343,
        "f":0.9595329707
      },
      "B-BRAND":{
        "p":0.8709677419,
        "r":0.7527881041,
        "f":0.8075772682
      },
      "O":{
        "p":0.8577181208,
        "r":0.7982510931,
        "f":0.8269168554
      },
      "I-TYPE":{
        "p":0.7489361702,
        "r":0.9159851301,
        "f":0.8240802676
      },
      "I-BRAND":{
        "p":0.7272727273,
        "r":0.064,
        "f":0.1176470588
      },
      "B-VOLUME":{
        "p":0.5263157895,
        "r":0.7142857143,
        "f":0.6060606061
      },
      "I-VOLUME":{
        "p":0.0,
        "r":0.0,
        "f":0.0
      },
      "0":{
        "p":0.0,
        "r":0.0,
        "f":0.0
      },
      "B-PERCENT":{
        "p":0.0,
        "r":0.0,
        "f":0.0
      },
      "I-PERCENT":{
        "p":0.0,
        "r":0.0,
        "f":0.0
      }
    },
    "tok2vec_loss":2196.3742039903,
    "ner_loss":25398.1175934045
  }
}