{
  "lang":"ru",
  "name":"pipeline",
  "version":"0.0.0",
  "spacy_version":">=3.8.7,<3.9.0",
  "description":"",
  "author":"",
  "email":"",
  "url":"",
  "license":"",
  "spacy_git_version":"4b65aa7",
  "vectors":{
    "width":0,
    "vectors":0,
    "keys":0,
    "name":null,
    "mode":"default"
  },
  "labels":{
    "transformer":[

    ],
    "ner":[
      "B-BRAND",
      "B-PERCENT",
      "B-TYPE",
      "B-VOLUME",
      "I-BRAND",
      "I-PERCENT",
      "I-TYPE",
      "I-VOLUME",
      "O"
    ]
  },
  "pipeline":[
    "transformer",
    "ner"
  ],
  "components":[
    "transformer",
    "ner"
  ],
  "disabled":[

  ],
  "performance":{
    "ents_f":0.9425677007,
    "ents_p":0.9421591805,
    "ents_r":0.9429765754,
    "ents_per_type":{
      "B-TYPE":{
        "p":0.9669454401,
        "r":0.9815388762,
        "f":0.9741875084
      },
      "B-BRAND":{
        "p":0.9161563825,
        "r":0.9038104089,
        "f":0.9099415205
      },
      "O":{
        "p":0.8944954128,
        "r":0.8525921299,
        "f":0.8730412536
      },
      "I-TYPE":{
        "p":0.9262844378,
        "r":0.9249070632,
        "f":0.9255952381
      },
      "I-BRAND":{
        "p":0.7615384615,
        "r":0.792,
        "f":0.7764705882
      },
      "B-VOLUME":{
        "p":0.5714285714,
        "r":0.8571428571,
        "f":0.6857142857
      },
      "I-VOLUME":{
        "p":0.75,
        "r":0.75,
        "f":0.75
      },
      "B-PERCENT":{
        "p":0.1666666667,
        "r":0.1111111111,
        "f":0.1333333333
      },
      "0":{
        "p":0.0,
        "r":0.0,
        "f":0.0
      },
      "I-PERCENT":{
        "p":0.0,
        "r":0.0,
        "f":0.0
      }
    },
    "transformer_loss":929.4044632074,
    "ner_loss":7394.1803278003
  }
}